Rating,Sentiment,Cleaned_Content
3.5,1,absolutely horrible thus required read sad diego library books cuts half text times repeats randomly page total garbage
3.5,1,horrible
3.5,1,unable connect online store buy books
3.5,1,attempt uninstall useless
3.3,0,one problem sorted thank thing like people message back see woman time reply making think fake site see
3.3,0,terrible full bots credit card message members reason highly rated bots rating waste time honestly
3.3,0,exact setup n profiles several apps fake reviews fake also
3.3,0,bunch fake sex bot profiles real profiles know mostly everyone small town
3.3,0,worst dating ever acts like free keeps asking money top users fake message anyone unless pay
3.3,0,waste time essentially web page casual dates website every profile fake hundreds miles away
3.3,0,puzzled app people claimed using chat rooms l see contacts book seem paucity controls info extremely lacking
3.3,0,terrible full bots credit card message members reason highly rated bots rating waste time honestly
3.3,0,exact setup n profiles several apps fake reviews fake also
3.3,0,bunch fake sex bot profiles real profiles know mostly everyone small town
3.3,0,worst dating ever acts like free keeps asking money top users fake message anyone unless pay
3.3,0,waste time essentially web page casual dates website every profile fake hundreds miles away
3.3,0,one problem sorted thank thing like people message back see woman time reply making think fake site see
3.3,0,terrible full bots credit card message members reason highly rated bots rating waste time honestly
3.3,0,exact setup n profiles several apps fake reviews fake also
3.3,0,bunch fake sex bot profiles real profiles know mostly everyone small town
3.3,0,worst dating ever acts like free keeps asking money top users fake message anyone unless pay
3.3,0,waste time essentially web page casual dates website every profile fake hundreds miles away
3.3,0,puzzled app people claimed using chat rooms l see contacts book seem paucity controls info extremely lacking
3.3,0,terrible full bots credit card message members reason highly rated bots rating waste time honestly
3.3,0,exact setup n profiles several apps fake reviews fake also
3.3,0,bunch fake sex bot profiles real profiles know mostly everyone small town
3.3,0,worst dating ever acts like free keeps asking money top users fake message anyone unless pay
3.3,0,waste time essentially web page casual dates website every profile fake hundreds miles away
3.4,0,garbage try even let register kept telling enter digit zip code know damn zip code waste time believe anything star
3.4,0,locations wrong send message pay profiles faked worth trouble downloading went comments tried dont bother wasting time
3.4,1,even register said email fake well guess cause name like mean fake email specifically junk like fix might fix review
3.4,0,cant even get past setup asking put valid email done multiple times still repeats screen try submit keeps repeating put valid email please help
3.4,0,help section log problems email addresses make accounts still go past take shot page work waist time
3.4,0,hate needs credit card think bull please get rid gladly get back
3.5,1,terrible dating app unless pay even communicate anyone read message waste deleting app
3.5,0,like ghost town nobody avoid especially looking someone also never let put birthday age says born may december way change everyone else said pay send messages read messages like people profiles virtually nothing waste time
3.5,1,read majority messages unless paid member person paid member plus expensive
3.5,1,keep getting countrys contacting annoying iv miles places men usa round world sending messages
3.5,0,demanding money unless people pay free avoid costs
3.5,0,suspended due putting kik u chat msgs u get sent bbwcupid person fake deleted get feabie instead least chat free
3.5,0,please like every site wants mert chat collect pictures might well us craigslist
3.5,0,would allow sign using facebook kept giving blank screen good experience uninstalled
3.5,0,scam download tries force upgrade messaging bots send random text stay away
3.5,1,useless bcuz copy paste citations email citations sign easybib login info update fix login problem
3.5,0,garbage app way share list email upload lists account online renders compiled lists useless unsure changed previous versions worked wonderfully wasted hours life compiling bibliographic list way uploading sharing incredibly frustrating
3.5,0,way copy citation anywhere outside via email refuses recognize email accounts device copying possible worthless app
3.5,1,nowhere enter email address complains email account setup device clearly impossible cant install play without google account installed pointless without export login section
3.5,0,let log send citations pointless
3.5,1,allow email citations save useless app
3.5,1,complicated let copy text app
3.5,1,says camera error try scan anything nothing wrong camera
3.5,0,sign view previous citations
3.5,0,send citation email pointless
3.4,0,simply doesnt work half time tried listening world cup thing either buffered every mins restarted required iphone need bad enough register bbc including stupid irrelevant questions like gender
3.4,0,videos hardly ever work video playback built bbc news app excuses really avoid unless like annoyed wasting time
3.4,0,problems getting video work several frustrating occasions time video starts see black screen iplayer date videos get work matter many times try
3.4,0,pissed downloaded watch clip cause forced even work buffer kee saying try later never loads please fix
3.4,1,raise game work gets stuck landscape mode content want play need separate video playback
3.4,0,greeted content seem working please try later long time even remember last time worked point app
3.4,0,bad ui till date never worked bbc news app even play single video ment played via bbc news app cant play videos news playable news app
3.4,1,awful want listen football phone instead keeps going google play store well done bbc waste people money
3.4,0,sorry content seem working see often funny year still bad
3.4,0,good works however time get content seem working please try later error message annoying
3.4,0,black screen work expected bbc html like everyone else gok
3.0,0,obviously like content terrible acorntv must crappy app give us option casting content phone browsers instead forces us sucks many things wrong even begin start listing
3.0,0,update terrible loss function chromecast android able go back forward button drop menu phone great leave email game twitter watch watchlist show anything recent cc reliable support helpful even read sent generic reply love prograps hate app dissapointing
3.0,0,horrible update problems beginning especially captions cast tv google chromecast captions show phone disappear soon cast tv drag bar moves forward video work every time tap drag bar starts video never move forward get point video want support helpful got generic suggestions rebooting phone rebooting wi fi system deleting reinstalling app told could duplicate problem basically heard back since everything suggested course solve problems problems new app problems started soon upgraded version thankfully tablet still old cast tv continue enjoying shows captions able move back forth video drag bar
3.0,1,full screen video android phone virtual navigation buttons remain stay screen streaming video annoying britbox problem
3.0,0,horrible canceled cant access shows favorite channel
3.0,0,sucks definitely sucks
3.0,0,freezes stutters video retain password resubmit password every video watch month half later worse ever reinstalled twice tells sign password wrong even computer version b full review
3.4,1,outdated information none houses listed still sale
3.4,1,horrible content
3.4,1,database outdated still shows homes sale sold houses sale
3.4,1,worst software ever typical govt websites
3.4,0,site potential good please work bugs crashing images showing slow loading thing internet connection bad
3.4,1,worst freezes stop working searching home also give rental listing homes say lies
3.4,0,garbage even get past county section searching hit back button give menu features added
3.4,1,homes date work properly horrible waste time app
3.4,0,came see foreclosures put limit took little two minutes load guess saw eight houses construction currently built called foreclosures yet show would show regular houses horrible
3.4,1,information ridiculously outdated crashed attempted contact developer could find option uninstalling
3.4,0,might useless software ever even launch properly gives search error startup
3.4,0,horribly slow app wi fi data loads slow times
3.4,1,unable connect message appears useless edge
3.4,0,waste time keep crashing everytime run runs scratch
3.4,0,database include colors like redwood sw managing saved colors sucks something wrong editing names colors save rooms color used text long enough allow symbols abbreviate hired sw color consultant keep swatches find good way manage app store
3.4,1,waste time even never mind trying get work downloaded year ago terrible thought year working bugs would make work requires ar features two ways neither works correctly uninstalling
3.4,0,claims phone year old compatible augmented version every game uses augmented reality zero issue phone definitely problem sherwin end trying stay current tech trends cannot even deliver properly understand tech try adamantly top pathetic
3.4,0,useless impossible use assume need logged account order paint scene however intuitive easy bother
3.4,0,horrible offers load picture apparently read reviews know better wish supposed
3.4,0,every beige color showed variety shades gray android bother app complete waste time
3.4,0,terrible desire share photos company operates app thank many permissions required
3.4,1,ai horrible paints walls mantle wall pieces basically anything similar color paint
3.4,0,every color picked gray big disappointment
3.4,0,sucks dont waste time
3.4,0,inaccurate even white walls try put color colored walls forget worst color far
3.4,0,upon opening freezes telling move around turn lights broad daylight moved little moved lot everything nothing worked neither app going keep trying far dud
3.5,1,thinks crap app package functions aviary automatically added see downloads
3.5,0,favorite updated app blemish remover work big bummer
3.5,0,bunch different edit picture pretty dumb
3.5,1,things cannot experience colour whatever could say nobody family members hate things people china u asia choose soo sad toodles
3.5,1,hate bad crap boring sticker u pay good stickers
3.5,0,good bad dont want much stuff frames stickers etc rest okay much ing
3.5,0,many options unless willing pay variety get usual general effects
3.5,0,hated others much better
3.5,1,bad uploading show could tell fix think rating
3.5,1,peace hate
3.5,1,find installed onto motorola moto g st gen impossible find phone
3.5,0,hey people ridiculous plugin plugin read description rate app plugin job well
3.1,0,showing notification sound door bell rings useless
3.1,0,blue line across bottom meaning see buttons function pretty much useless
3.1,1,terrible connect camera anymore pan tilt guessing game put two email addresses ever notify one stand anymore returning camera
3.1,0,constantly crashes camera useless without app camera goes offline often panning camera inconsistent returning camera unless fixed soon galaxy plus
3.2,0,stop working ask credentials every time want use inside suddenly comes must login offers team renewal sometimes offers models times session closed uninstalled
3.2,1,application fulfills function one uses use continues throwing errors fix interests runs behind interests works
3.2,0,fulfills function last version consuming excessive battery background keeps equipment awake continues update
3.2,1,bad falls opens lousy part entel
3.2,0,forced closing android despite cleaning application cache data
3.2,0,bad system entel new client cell phone registered well company claims answered account able access account entel benefits application web sorry joined entel
3.2,0,good open blank c
3.2,0,falls every time top send emails notices seen app wrong
3.2,0,fails lot whenever want open opens time going well update fails stable
3.2,0,heavy activate always connected application
3.2,0,app works badly notifications read ends useful
3.2,0,weeks enter app says registered first thing find weird ask mail register tried mails time uploading thing never enter help
3.2,0,application improved design liking preferred design previous application material design style however fulfills purpose
3.5,0,success ratio approximately hard time recognizing asking keeps saying wrong phone number goes right back start screen recognize people contact list
3.5,1,bad plz fix plz help voice selfie car work plz camera auto voice capture working always failed installing english language pack
3.5,0,happy cannot phone car make calls understands requesting call sync sounds come car grrr please fix vital
3.5,0,useless app face google pre released cortana android nothing useful hogs storage default app
3.5,0,disappointed difficulty recognizing speech takes annoyingly long time process message recognize message need find different keep safe driving
3.5,1,worst voice recognition used got htc say worst voice command dialer caller used compared phone past
3.5,1,worst app even single word matching came drop list absolutely waste compared google speech
3.5,0,worthless crap many get rid want know never
3.5,0,unsatisfied installed even installed english speaking pack get much time button talk speak goes also spells poorly
3.5,0,camera flashlight broken tried downloading voice commands pack car app still killed camera flashlight never buying htc
3.5,1,please fix htc since last update camera working frustrated issues
3.5,0,hard add feature hold home key open
3.4,0,would fun could actually find free game waste battery ads get hit second ad pretty sad sit phone go get drink still wait ads stop
3.4,1,guys yes may ads play line get ads way like game lot kills time literally fish bat xd think try game see forget line thing
3.4,0,support adds time spent adds given hit back button times every hit hits min back buttons bad marketing hope got million quit creative
3.4,0,actually embarrassing hard game shoves ads throat even good game throwing ads left right center asks want watch video double money still get video ad soon get ready next turn developer shame
3.4,0,like ads game ads every hit simple ads either talking minute ads let almost like watching hour youtube video ads
3.4,0,started liking game lot man alive play game seconds second ad comes many ads deleting waste time anyway
3.4,0,terrible way many ads understand ads free game percent using cancelling add download
3.4,0,like watching second commercials every time hit ball game first mind watching know pays developers request private data email access commercials get worse
3.4,0,lame game fun day two upgrading easily achieving bats days game extremely redundant boring scenery change super bounce near impossible first attempt ball going insanely fast get perfect hit goal playing game ball stay middle probability crushing cars impossible gets point
3.4,0,fun game constant ads make game real challenge enjoy long term shot last seconds wait seconds ad finish ridiculous also level skills went back zero making next level absolutely impossible
3.4,0,horrible since update game sped work properly trying tap bounce almost impossible please fix enjoyable also amount ads ad increased every swing good
3.4,0,fun play gets competitive entirely way many adds mean ad every single pitch yeah bit much come know better unless want people coming back play game people get sick ads delete game
3.4,0,advert delivery system game attached pleasing graphics simple gameplay get bored always look advert bottom screen breaks seconds different adverts shown swings two thumbs adverts
3.4,0,would better would less ads literally every hits ad freaking annoying
3.4,0,playing minutes comments speaking truth way many ads seriously annoying selfish earn money put ad everywhere say collect double u got still plays video cnt exit lets many ads better hate dislike hate wonder workers even read pathetic
3.4,0,shame liked game start many adds game progresses glitches get worse point skill timing longer factor becomes increasingly impossible stop arrow red power arrow delayed press stop
3.4,0,want constant ads make money frustration game otherwise dont even bother
3.4,0,shady shady weird eulas popping game play allowed x videos mention worst thing make perfect shot make perfect shot ball cross requirement boinch bake
3.4,0,get ad every seconds beyond annoying gameplay would ok advertisements glitch game
3.4,0,turn mobile data play uninterrupted leave mobile data gets really annoying watching ads time watch ads play game fun game requires skill good time passing game
3.5,0,great works frequent issues trying schedule appointments adding promo code never works always center add says promo found every time dozens tries annoying
3.5,0,good app lame company even donate even slight allergy issue day stupid
3.5,0,half time never works scheduling appointment takes ever even works tells password wrong time kind pain fairly simple
3.5,0,like ease scheduling appointment uptodate card keeps telling negative amount even though call get balance positive amount please fix
3.5,0,minor issues definitely helps save lives
3.5,0,never able reschedule appointment app instead please fix
3.5,0,sucks constant problems fix
3.5,0,works wants sucks
3.5,0,half time doesnt show appointments see login computer site also coupon code field doesnt work tried twice galaxy
2.7,0,logs use slow constant forced update complicated want view insurance card
2.7,0,claims area review recent claims zero claims called tech support put hold music minutes disconnected rep taken telephone number beginning call get return call ratings looks like like experience typical
2.7,0,broken recent update let login anymore gives error running galaxy
2.7,1,idiotic thinks phone jailbroken run
2.7,0,like automatically enrolled paperless billing email file check email regularly therefore might remember pay bill guess find new insurance company trust besides doctors horrible
2.7,0,sure optimized iphones home screen unresponsive touch rendering useless
2.7,0,gives little information seems focused claims rather actual useful insurance information info dependents know children clunky idea nice execution terrible
2.7,0,complete waste time usually leave reviews worthless waste valuable space phone
2.7,0,completely unresponsive tried uninstalling reinstalling nothing sure happened used work appalled state gone unchanged others reporting unresponsive well
2.7,1,awful ui barely functional search cannot find cost care information app horrible
2.7,0,limited info beyond id card every bit slow anthem full site
2.7,1,even look cost care sucks
2.7,1,worst ever
2.7,0,logs use slow constant forced update complicated want view insurance card
2.7,0,claims area review recent claims zero claims called tech support put hold music minutes disconnected rep taken telephone number beginning call get return call ratings looks like like experience typical
2.7,0,access id card basic info edit profile thats never hads sucks much ever
2.7,0,broken recent update let login anymore gives error running galaxy
2.7,1,idiotic thinks phone jailbroken run
2.7,0,like automatically enrolled paperless billing email file check email regularly therefore might remember pay bill guess find new insurance company trust besides doctors horrible
2.7,0,sure optimized iphones home screen unresponsive touch rendering useless
2.7,0,gives little information seems focused claims rather actual useful insurance information info dependents know children clunky idea nice execution terrible
2.7,0,complete waste time usually leave reviews worthless waste valuable space phone
2.7,0,completely unresponsive tried uninstalling reinstalling nothing sure happened used work appalled state gone unchanged others reporting unresponsive well
2.7,1,awful ui barely functional search cannot find cost care information app horrible
2.7,0,limited info beyond id card every bit slow anthem full site
2.7,1,even look cost care sucks
2.7,1,worst ever
2.7,0,waste time often stupid updates make cannot log middle day way ruin could good idea guys
2.7,0,logs use slow constant forced update complicated want view insurance card
2.7,0,claims area review recent claims zero claims called tech support put hold music minutes disconnected rep taken telephone number beginning call get return call ratings looks like like experience typical
2.7,0,broken recent update let login anymore gives error running galaxy
2.7,1,idiotic thinks phone jailbroken run
2.7,0,like automatically enrolled paperless billing email file check email regularly therefore might remember pay bill guess find new insurance company trust besides doctors horrible
2.7,0,sure optimized iphones home screen unresponsive touch rendering useless
2.7,0,gives little information seems focused claims rather actual useful insurance information info dependents know children clunky idea nice execution terrible
2.7,0,complete waste time usually leave reviews worthless waste valuable space phone
2.7,0,completely unresponsive tried uninstalling reinstalling nothing sure happened used work appalled state gone unchanged others reporting unresponsive well
2.7,1,awful ui barely functional search cannot find cost care information app horrible
2.7,0,limited info beyond id card every bit slow anthem full site
2.7,1,even look cost care sucks
2.7,1,worst ever
2.7,0,logs use slow constant forced update complicated want view insurance card
2.7,0,claims area review recent claims zero claims called tech support put hold music minutes disconnected rep taken telephone number beginning call get return call ratings looks like like experience typical
2.7,0,access id card basic info edit profile thats never hads sucks much ever
2.7,0,broken recent update let login anymore gives error running galaxy
2.7,1,idiotic thinks phone jailbroken run
2.7,0,like automatically enrolled paperless billing email file check email regularly therefore might remember pay bill guess find new insurance company trust besides doctors horrible
2.7,0,sure optimized iphones home screen unresponsive touch rendering useless
2.7,0,gives little information seems focused claims rather actual useful insurance information info dependents know children clunky idea nice execution terrible
2.7,0,complete waste time usually leave reviews worthless waste valuable space phone
2.7,0,completely unresponsive tried uninstalling reinstalling nothing sure happened used work appalled state gone unchanged others reporting unresponsive well
2.7,1,awful ui barely functional search cannot find cost care information app horrible
2.7,0,limited info beyond id card every bit slow anthem full site
2.7,1,even look cost care sucks
2.7,1,worst ever
2.7,0,waste time often stupid updates make cannot log middle day way ruin could good idea guys
3.5,0,blue makes harder find people associate cvs red logo ever heard corporate brand identity
3.5,0,avoid cvs cost horrible pharmacy provider constantly denies medications claims computer problem number person seem care mess left without life sustaining medications
3.5,0,awful built camera refuses take decent pictures prescriptions despite fact phone built camera takes fine order submission acknowledgment way knowing rx pic legible enough terrible
3.5,0,regular scripts difficult order vs day mail
3.5,0,terrible since last several update cannot refill prescriptions ever get message requested url available nothing needs get fixed
3.5,1,absolutely terrible worst waste time keep accurate date information regarding pharmacy transactions cvs locations recognize cvs rx numbers waste time effort
3.0,0,update july update better cannot enter dentist information make appointment email delta etc checking working pushed constantly freezes basic home screen dental card worthless anything beyond email contact delta dental also inaccurate comes back un deliverable wow really suck
3.0,0,recognizes employer sponsored plan lets search dentists always failed access claims history unable contact delta dental member company please try later resort interface state worth downloading creating separate login broken functionality
3.0,0,looks nice surface certainly better terrible website unfortunately functionality non existant website guess phone email interact company one neat feature random time generator whenever try look something tells connection disabled return random number minutes seconds return repeat
3.0,0,even login see useful keeps giving unexpected error whenever try login bad try login keeps sending back home page logged need id card info give dentist bothered send mail
3.0,0,god awful mildly better website huge insurer pretty disappointed serious function issues reading reviews tells problem long time think delta dental really cares problems either
3.0,0,sign fine look coverage claims website view coverage mom plan mine useless website useless app
3.0,0,although site claims using version google play offers version thus cannot view claims due bug reported year ago acknowledged limited application
3.0,0,get past searching dentist freezes everytime really useless
3.0,0,even log always got unable fetch data server error tried many many times course several days never could log obviously based bad reviews issues devs going fix
3.0,0,login work sign fine username password using results login failure essentially useless
3.0,1,useless keeps hanging trying register idea works
3.0,1,useless work time
3.0,1,unable connect server tried wifi g lte thing load
3.0,1,hate type password want log login often
3.0,0,helpful hard find looking
3.0,1,work always unable fetch data error useless
3.0,0,unable login unexpected error freezes thought going useful guess
3.0,0,constantly trouble contacting company crashes
3.0,1,ever connect useless
3.0,1,able login pathetic
2.6,0,sucks
2.6,0,unfortunately broken usually review type however bad please aware company makes also charge also issues
2.6,1,worst ever must designed challenged monkey slow works work time
2.6,0,get past sign screen completely useless app
2.6,0,receive email see claims log option view claims misdirect waste time right hand know left completely worthless app
2.6,1,stupid even work make working rather bunch working
2.6,1,horrible every time try access id card always tells something went wrong fax email show
2.6,1,start useless avoid
2.6,0,slow load
2.6,0,unable get past terms agreement
2.6,1,awful non functional
2.6,0,add fa support mobile app ps technical support people retarded speak english
2.6,0,sucks
2.6,0,unfortunately broken usually review type however bad please aware company makes also charge also issues
2.6,1,worst ever must designed challenged monkey slow works work time
2.6,0,get past sign screen completely useless app
2.6,0,receive email see claims log option view claims misdirect waste time right hand know left completely worthless app
2.6,1,stupid even work make working rather bunch working
2.6,1,horrible every time try access id card always tells something went wrong fax email show
2.6,1,start useless avoid
2.6,0,slow load
2.6,0,unable get past terms agreement
2.6,1,awful non functional
2.6,0,add fa support mobile app ps technical support people retarded speak english
3.1,0,hearing memory loss seem come together would awsome hear unique tone hearing aids step bluetooth range phone way would stop leaving behind
3.1,1,work time take control disappointing thing wearing hearing aids stops working calls calls morning disconnects calls sent email response
3.1,1,still issue asking user take control annoying
3.1,0,usable really suitable galay gt various elements user interface overflow screen although found anything least partially screen also tin information page headings overlapping details install sd card device memory starved already difficult update built stuff insists going internal memory disable volume seems mean enable volume added value seems battery level reading ability set parameters normally set genie identities paired connected devices would useful
3.1,0,get pair streamer verizon galaxy tried two days get pair phone least recognize pairing phone pairs fine never recognizes streamer wasted lot time
3.5,0,game scores updating hof game seems frozen first quarter
3.5,1,disturbing
3.5,0,pretty bad around worst google pixel xl even player tab see available players league signs right despite fully updated uninstalled installed disappointed
3.5,0,problem kicking want something completely logs try send trade anything super annoying
3.5,0,every time try view available players mobile app crashes logs issue weeks uninstalled reinstalled several times cleared cookies still view players step game looks like switching yahoo espn year sad fantasy football branded nfl logo functions like complete garbage
3.5,0,become increasingly disappointed last years draft simulator considerably outdated however biggest nuisance becomes unresponsive go phone home screen open another app would expect third rate fantasy sports nfl shame
3.5,0,every time got pending trades area crashes logs log happens every single time try
3.5,0,crashes every single time logs every single time go two players tab somebody fix pissing
3.5,0,horrible many glitches trouble drafting even grab free agents please fix glitches
3.5,1,switched league yahoo upcoming season nfl got worse every year
3.5,0,game scores updating hof game seems frozen first quarter
3.5,1,bad marketing
3.5,0,pretty bad around worst google pixel xl even player tab see available players league signs right despite fully updated uninstalled installed disappointed
3.5,0,begin sorting players insanely difficult even sort stats projected stats league managers process trades different parts site could navigated screen require open side menu switch around screen screen find want even team standings view team leave standings go league owners screen team seriously come thought
3.5,0,problem kicking want something completely logs try send trade anything super annoying
3.5,0,every time try view available players mobile app crashes logs issue weeks uninstalled reinstalled several times cleared cookies still view players step game looks like switching yahoo espn year sad fantasy football branded nfl logo functions like complete garbage
3.5,0,become increasingly disappointed last years draft simulator considerably outdated however biggest nuisance becomes unresponsive go phone home screen open another app would expect third rate fantasy sports nfl shame
3.5,0,every time got pending trades area crashes logs log happens every single time try
3.5,0,crashes every single time logs every single time go two players tab somebody fix pissing
3.5,0,horrible many glitches trouble drafting even grab free agents please fix glitches
3.5,1,switched league yahoo upcoming season nfl got worse every year
3.5,0,game scores updating hof game seems frozen first quarter
3.5,1,disturbing
3.5,0,pretty bad around worst google pixel xl even player tab see available players league signs right despite fully updated uninstalled installed disappointed
3.5,0,problem kicking want something completely logs try send trade anything super annoying
3.5,0,every time try view available players mobile app crashes logs issue weeks uninstalled reinstalled several times cleared cookies still view players step game looks like switching yahoo espn year sad fantasy football branded nfl logo functions like complete garbage
3.5,0,become increasingly disappointed last years draft simulator considerably outdated however biggest nuisance becomes unresponsive go phone home screen open another app would expect third rate fantasy sports nfl shame
3.5,0,every time got pending trades area crashes logs log happens every single time try
3.5,0,crashes every single time logs every single time go two players tab somebody fix pissing
3.5,0,horrible many glitches trouble drafting even grab free agents please fix glitches
3.5,1,switched league yahoo upcoming season nfl got worse every year
3.5,0,game scores updating hof game seems frozen first quarter
3.5,1,bad marketing
3.5,0,pretty bad around worst google pixel xl even player tab see available players league signs right despite fully updated uninstalled installed disappointed
3.5,0,begin sorting players insanely difficult even sort stats projected stats league managers process trades different parts site could navigated screen require open side menu switch around screen screen find want even team standings view team leave standings go league owners screen team seriously come thought
3.5,0,problem kicking want something completely logs try send trade anything super annoying
3.5,0,every time try view available players mobile app crashes logs issue weeks uninstalled reinstalled several times cleared cookies still view players step game looks like switching yahoo espn year sad fantasy football branded nfl logo functions like complete garbage
3.5,0,become increasingly disappointed last years draft simulator considerably outdated however biggest nuisance becomes unresponsive go phone home screen open another app would expect third rate fantasy sports nfl shame
3.5,0,every time got pending trades area crashes logs log happens every single time try
3.5,0,crashes every single time logs every single time go two players tab somebody fix pissing
3.5,0,horrible many glitches trouble drafting even grab free agents please fix glitches
3.5,1,switched league yahoo upcoming season nfl got worse every year
3.4,0,word prediction dictionary update found third party apk english pack word prediction straight stupid htc go elsewhere get phone work properly owned every flagship phone evo htc last phone htc absolutely stupid
3.4,0,bought losing samsung alpha frustrating phone bigger cant put numbers letters long switching page slows typing time emoji sucks often see square cross inside even updating old samsung alpha see emojis without fail
3.4,0,like deleted review sucks trace keyboard even though see path intended stupid tries guess always stupidly wrong fur ny many stupid examples make completely zero sense sentence typing korean phone definitely english friendly overall
3.4,0,annoying thing world swipe wrong word edit word manually correct keyboard changes word back started matter many times
3.4,0,prefer keyboard rather touchpal htc however updating nougat htc themes longer apply keyboard disappointing update recent update themes work keyboard emojis
3.4,0,looks stupid handles poorly customizable least like take whole thing phone
3.4,0,alright hate type words like lmao idk puts capital form like also update emoji
3.4,0,think keyboards night mood really hard look white keyboard nights thankyou
3.4,0,delete wish factory waste space want phone
3.4,1,hate layout keyboard hate emojis uses wish never updated want get back
3.4,0,keeps changing say word wardrobe come automatically change hard get wardrobe talking
3.4,1,crashes time htc one smartphone annoying frustrating
3.4,0,phone got crashed even single call r msg n nothing
3.4,0,update update add ads home screen thanks disabled immediately least provide useful cards
3.4,0,hate app love infinite scrolling system launcher using redmi note pro
3.4,0,useless annoying often bit negative impact performance remove
3.4,1,advertisement oem provided app bad
3.4,0,although thought convenient bringing shortcuts general annoying cant disabled please put option disable future update
3.4,1,please remove unnecessary function know listen user request please delete option please xiaomi
3.4,1,unable disable app totally useless unnecessary ads
3.4,1,zero star force useless us please provide us way disable vault
3.4,0,trending ads please make miui better without ads
3.4,0,much amount usefulness
3.1,0,take attempts allows put recipients name display keeps bouncing everywhere put name right away every single time ridiculous
3.1,0,said last weeks failed notify emails revived unless u open email order emails long sent strange need fixing important receive emails without going looking every time thanks ps drains data battery big time last update may new update due guy badly needed issues cheers steve
3.1,1,functional desperately needs delete mail option notification shade otherwise would launch quickly delete email shocking see spam filter function
3.1,1,probably worst mail apps keep mails memory bad ui replace
3.1,0,updated yesterday every time send email get duplicate emails sent folder annoying took several weeks htc update mail back march chrome update broke client update causes dupes sent folder come htc want succeed continually screw
3.1,0,like checks boxes gets job done problem get push notification saying mail syncing get rid want notification must come recent update also battery suddenly draining like crazy guess result new update updated anything else please help
3.1,0,sucks
3.1,0,really sad took long get crash bug fixed acknowledgements issue progress updates said trying find another mail made realise well htc works broken still favourite multi account mail app
3.1,0,past week whenever try reply mail soon blank field write message crashes clearing data cache etc helping edit last update solved problem
3.1,0,update fixed problem crashing whenever trying reply compose email reading comments sounds due update thank fixing
3.1,0,new update issue fixed since update crashes whenever try replying email making useless app
3.4,0,think game prototype draw stick man epic
